Order,Filename,Section,Chapter directory,Alt Text,Artist,Artist Contact/Portfolio,Rights,File path
-1,Free5e Logo,,00_Cover,"A logo featuring a coiling, serpentine dragon outline rendered in blue scale pattern, with a stylized gold wordmark ""Free5e"" centered within its body. The dragon's head has gold accents on its eyes and horn.",Duofocus,https://www.instagram.com/duofocusp/,"Free5e Logo © 2025 Wyrmworks Publishing by Duofocus (https://www.instagram.com/duofocusp/) is licensed under Creative Commons Attribution 4.0 International. To view a copy of this license, visit https://creativecommons.org/licenses/by/4.0/",assets/images/Monstrous_Manuscript/00_Cover/Free5e Logo
0,Monster Book,Cover,00_Cover,"a muscular, green-skinned warrior of mixed dwarf and orc ancestry fleeing from a massive, bulette that is bursting out of the earth and rubble, mountains in the background",Danilo E. Valdez Jr.,https://daniloevaldez.artstation.com/,"Monster Book © 2025 Wyrmworks Publishing by Danilo E. Valdez Jr. (https://daniloevaldez.artstation.com/) is licensed under Creative Commons Attribution 4.0 International. To view a copy of this license, visit https://creativecommons.org/licenses/by/4.0/",assets/images/Monstrous_Manuscript/00_Cover/Monster Book
1,,,,,,," © 2025 Wyrmworks Publishing by  () is licensed under Creative Commons Attribution 4.0 International. To view a copy of this license, visit https://creativecommons.org/licenses/by/4.0/",
2,,,,,,," is marked CC0 1.0 Universal. To view a copy of this mark, visit https://creativecommons.org/publicdomain/zero/1.0/",
3,,,,,,," © 2025 Wyrmworks Publishing by  () is licensed under Creative Commons Attribution 4.0 International. To view a copy of this license, visit https://creativecommons.org/licenses/by/4.0/",
4,,,,,,," © 2025 Wyrmworks Publishing by  () is licensed under Creative Commons Attribution 4.0 International. To view a copy of this license, visit https://creativecommons.org/licenses/by/4.0/",
5,,,,,,," © 2025 Wyrmworks Publishing by  () is licensed under Creative Commons Attribution 4.0 International. To view a copy of this license, visit https://creativecommons.org/licenses/by/4.0/",
6,,,,,,," © 2025 Wyrmworks Publishing by  () is licensed under Creative Commons Attribution 4.0 International. To view a copy of this license, visit https://creativecommons.org/licenses/by/4.0/",
7,,,,,,," © 2025 Wyrmworks Publishing by  () is licensed under Creative Commons Attribution 4.0 International. To view a copy of this license, visit https://creativecommons.org/licenses/by/4.0/",
8,,,,,,," © 2025 Wyrmworks Publishing by  () is licensed under Creative Commons Attribution 4.0 International. To view a copy of this license, visit https://creativecommons.org/licenses/by/4.0/",
9,,,,,,," © 2025 Wyrmworks Publishing by  () is licensed under Creative Commons Attribution 4.0 International. To view a copy of this license, visit https://creativecommons.org/licenses/by/4.0/",
10,,,,,,," © 2025 Wyrmworks Publishing by  () is licensed under Creative Commons Attribution 4.0 International. To view a copy of this license, visit https://creativecommons.org/licenses/by/4.0/",
11,,,,,,," © 2025 Wyrmworks Publishing by  () is licensed under Creative Commons Attribution 4.0 International. To view a copy of this license, visit https://creativecommons.org/licenses/by/4.0/",
12,,,,,,," © 2025 Wyrmworks Publishing by  () is licensed under Creative Commons Attribution 4.0 International. To view a copy of this license, visit https://creativecommons.org/licenses/by/4.0/",
13,,,,,,," © 2025 Wyrmworks Publishing by  () is licensed under Creative Commons Attribution 4.0 International. To view a copy of this license, visit https://creativecommons.org/licenses/by/4.0/",
14,,,,,,," © 2025 Wyrmworks Publishing by  () is licensed under Creative Commons Attribution 4.0 International. To view a copy of this license, visit https://creativecommons.org/licenses/by/4.0/",
15,,,,,,," © 2025 Wyrmworks Publishing by  () is licensed under Creative Commons Attribution 4.0 International. To view a copy of this license, visit https://creativecommons.org/licenses/by/4.0/",
16,,,,,,," © 2025 Wyrmworks Publishing by  () is licensed under Creative Commons Attribution 4.0 International. To view a copy of this license, visit https://creativecommons.org/licenses/by/4.0/",
17,,,,,,," © 2025 Wyrmworks Publishing by  () is licensed under Creative Commons Attribution 4.0 International. To view a copy of this license, visit https://creativecommons.org/licenses/by/4.0/",
18,,,,,,," © 2025 Wyrmworks Publishing by  () is licensed under Creative Commons Attribution 4.0 International. To view a copy of this license, visit https://creativecommons.org/licenses/by/4.0/",
19,,,,,,," © 2025 Wyrmworks Publishing by  () is licensed under Creative Commons Attribution 4.0 International. To view a copy of this license, visit https://creativecommons.org/licenses/by/4.0/",
20,,,,,,," © 2025 Wyrmworks Publishing by  () is licensed under Creative Commons Attribution 4.0 International. To view a copy of this license, visit https://creativecommons.org/licenses/by/4.0/",
21,,,,,,," © 2025 Wyrmworks Publishing by  () is licensed under Creative Commons Attribution 4.0 International. To view a copy of this license, visit https://creativecommons.org/licenses/by/4.0/",
22,,,,,,," © 2025 Wyrmworks Publishing by  () is licensed under Creative Commons Attribution 4.0 International. To view a copy of this license, visit https://creativecommons.org/licenses/by/4.0/",
23,,,,,,," © 2025 Wyrmworks Publishing by  () is licensed under Creative Commons Attribution 4.0 International. To view a copy of this license, visit https://creativecommons.org/licenses/by/4.0/",
24,,,,,,," © 2025 Wyrmworks Publishing by  () is licensed under Creative Commons Attribution 4.0 International. To view a copy of this license, visit https://creativecommons.org/licenses/by/4.0/",
25,,,,,,," © 2025 Wyrmworks Publishing by  () is licensed under Creative Commons Attribution 4.0 International. To view a copy of this license, visit https://creativecommons.org/licenses/by/4.0/",
26,,,,,,," © 2025 Wyrmworks Publishing by  () is licensed under Creative Commons Attribution 4.0 International. To view a copy of this license, visit https://creativecommons.org/licenses/by/4.0/",
27,,,,,,," © 2025 Wyrmworks Publishing by  () is licensed under Creative Commons Attribution 4.0 International. To view a copy of this license, visit https://creativecommons.org/licenses/by/4.0/",
28,,,,,,," © 2025 Wyrmworks Publishing by  () is licensed under Creative Commons Attribution 4.0 International. To view a copy of this license, visit https://creativecommons.org/licenses/by/4.0/",
29,,,,,,," © 2025 Wyrmworks Publishing by  () is licensed under Creative Commons Attribution 4.0 International. To view a copy of this license, visit https://creativecommons.org/licenses/by/4.0/",
30,,,,,,," © 2025 Wyrmworks Publishing by  () is licensed under Creative Commons Attribution 4.0 International. To view a copy of this license, visit https://creativecommons.org/licenses/by/4.0/",
31,,,,,,," © 2025 Wyrmworks Publishing by  () is licensed under Creative Commons Attribution 4.0 International. To view a copy of this license, visit https://creativecommons.org/licenses/by/4.0/",
32,,,,,,," © 2025 Wyrmworks Publishing by  () is licensed under Creative Commons Attribution 4.0 International. To view a copy of this license, visit https://creativecommons.org/licenses/by/4.0/",
33,,,,,,," © 2025 Wyrmworks Publishing by  () is licensed under Creative Commons Attribution 4.0 International. To view a copy of this license, visit https://creativecommons.org/licenses/by/4.0/",
34,,,,,,," © 2025 Wyrmworks Publishing by  () is licensed under Creative Commons Attribution 4.0 International. To view a copy of this license, visit https://creativecommons.org/licenses/by/4.0/",
35,,,,,,," © 2025 Wyrmworks Publishing by  () is licensed under Creative Commons Attribution 4.0 International. To view a copy of this license, visit https://creativecommons.org/licenses/by/4.0/",
36,,,,,,," © 2025 Wyrmworks Publishing by  () is licensed under Creative Commons Attribution 4.0 International. To view a copy of this license, visit https://creativecommons.org/licenses/by/4.0/",
37,,,,,,," © 2025 Wyrmworks Publishing by  () is licensed under Creative Commons Attribution 4.0 International. To view a copy of this license, visit https://creativecommons.org/licenses/by/4.0/",
38,,,,,,," © 2025 Wyrmworks Publishing by  () is licensed under Creative Commons Attribution 4.0 International. To view a copy of this license, visit https://creativecommons.org/licenses/by/4.0/",
39,,,,,,," © 2025 Wyrmworks Publishing by  () is licensed under Creative Commons Attribution 4.0 International. To view a copy of this license, visit https://creativecommons.org/licenses/by/4.0/",
40,,,,,,," © 2025 Wyrmworks Publishing by  () is licensed under Creative Commons Attribution 4.0 International. To view a copy of this license, visit https://creativecommons.org/licenses/by/4.0/",
41,,,,,,," © 2025 Wyrmworks Publishing by  () is licensed under Creative Commons Attribution 4.0 International. To view a copy of this license, visit https://creativecommons.org/licenses/by/4.0/",
42,,,,,,," © 2025 Wyrmworks Publishing by  () is licensed under Creative Commons Attribution 4.0 International. To view a copy of this license, visit https://creativecommons.org/licenses/by/4.0/",
43,,,,,,," © 2025 Wyrmworks Publishing by  () is licensed under Creative Commons Attribution 4.0 International. To view a copy of this license, visit https://creativecommons.org/licenses/by/4.0/",
44,,,,,,," © 2025 Wyrmworks Publishing by  () is licensed under Creative Commons Attribution 4.0 International. To view a copy of this license, visit https://creativecommons.org/licenses/by/4.0/",
45,,,,,,," © 2025 Wyrmworks Publishing by  () is licensed under Creative Commons Attribution 4.0 International. To view a copy of this license, visit https://creativecommons.org/licenses/by/4.0/",
46,,,,,,," © 2025 Wyrmworks Publishing by  () is licensed under Creative Commons Attribution 4.0 International. To view a copy of this license, visit https://creativecommons.org/licenses/by/4.0/",
47,,,,,,," © 2025 Wyrmworks Publishing by  () is licensed under Creative Commons Attribution 4.0 International. To view a copy of this license, visit https://creativecommons.org/licenses/by/4.0/",
48,,,,,,," © 2025 Wyrmworks Publishing by  () is licensed under Creative Commons Attribution 4.0 International. To view a copy of this license, visit https://creativecommons.org/licenses/by/4.0/",
49,,,,,,," © 2025 Wyrmworks Publishing by  () is licensed under Creative Commons Attribution 4.0 International. To view a copy of this license, visit https://creativecommons.org/licenses/by/4.0/",
50,,,,,,," © 2025 Wyrmworks Publishing by  () is licensed under Creative Commons Attribution 4.0 International. To view a copy of this license, visit https://creativecommons.org/licenses/by/4.0/",
51,,,,,,," © 2025 Wyrmworks Publishing by  () is licensed under Creative Commons Attribution 4.0 International. To view a copy of this license, visit https://creativecommons.org/licenses/by/4.0/",
52,,,,,,," © 2025 Wyrmworks Publishing by  () is licensed under Creative Commons Attribution 4.0 International. To view a copy of this license, visit https://creativecommons.org/licenses/by/4.0/",
53,,,,,,," © 2025 Wyrmworks Publishing by  () is licensed under Creative Commons Attribution 4.0 International. To view a copy of this license, visit https://creativecommons.org/licenses/by/4.0/",
54,,,,,,," © 2025 Wyrmworks Publishing by  () is licensed under Creative Commons Attribution 4.0 International. To view a copy of this license, visit https://creativecommons.org/licenses/by/4.0/",
55,,,,,,," © 2025 Wyrmworks Publishing by  () is licensed under Creative Commons Attribution 4.0 International. To view a copy of this license, visit https://creativecommons.org/licenses/by/4.0/",
56,,,,,,," © 2025 Wyrmworks Publishing by  () is licensed under Creative Commons Attribution 4.0 International. To view a copy of this license, visit https://creativecommons.org/licenses/by/4.0/",
57,,,,,,," © 2025 Wyrmworks Publishing by  () is licensed under Creative Commons Attribution 4.0 International. To view a copy of this license, visit https://creativecommons.org/licenses/by/4.0/",
58,,,,,,," © 2025 Wyrmworks Publishing by  () is licensed under Creative Commons Attribution 4.0 International. To view a copy of this license, visit https://creativecommons.org/licenses/by/4.0/",
59,,,,,,," © 2025 Wyrmworks Publishing by  () is licensed under Creative Commons Attribution 4.0 International. To view a copy of this license, visit https://creativecommons.org/licenses/by/4.0/",
60,,,,,,," © 2025 Wyrmworks Publishing by  () is licensed under Creative Commons Attribution 4.0 International. To view a copy of this license, visit https://creativecommons.org/licenses/by/4.0/",
61,,,,,,," © 2025 Wyrmworks Publishing by  () is licensed under Creative Commons Attribution 4.0 International. To view a copy of this license, visit https://creativecommons.org/licenses/by/4.0/",
62,,,,,,," © 2025 Wyrmworks Publishing by  () is licensed under Creative Commons Attribution 4.0 International. To view a copy of this license, visit https://creativecommons.org/licenses/by/4.0/",
63,,,,,,," © 2025 Wyrmworks Publishing by  () is licensed under Creative Commons Attribution 4.0 International. To view a copy of this license, visit https://creativecommons.org/licenses/by/4.0/",
64,,,,,,," © 2025 Wyrmworks Publishing by  () is licensed under Creative Commons Attribution 4.0 International. To view a copy of this license, visit https://creativecommons.org/licenses/by/4.0/",
65,,,,,,," © 2025 Wyrmworks Publishing by  () is licensed under Creative Commons Attribution 4.0 International. To view a copy of this license, visit https://creativecommons.org/licenses/by/4.0/",
66,,,,,,," © 2025 Wyrmworks Publishing by  () is licensed under Creative Commons Attribution 4.0 International. To view a copy of this license, visit https://creativecommons.org/licenses/by/4.0/",
67,,,,,,," © 2025 Wyrmworks Publishing by  () is licensed under Creative Commons Attribution 4.0 International. To view a copy of this license, visit https://creativecommons.org/licenses/by/4.0/",
68,,,,,,," © 2025 Wyrmworks Publishing by  () is licensed under Creative Commons Attribution 4.0 International. To view a copy of this license, visit https://creativecommons.org/licenses/by/4.0/",
69,,,,,,," © 2025 Wyrmworks Publishing by  () is licensed under Creative Commons Attribution 4.0 International. To view a copy of this license, visit https://creativecommons.org/licenses/by/4.0/",
70,,,,,,," © 2025 Wyrmworks Publishing by  () is licensed under Creative Commons Attribution 4.0 International. To view a copy of this license, visit https://creativecommons.org/licenses/by/4.0/",
71,,,,,,," © 2025 Wyrmworks Publishing by  () is licensed under Creative Commons Attribution 4.0 International. To view a copy of this license, visit https://creativecommons.org/licenses/by/4.0/",
72,,,,,,," © 2025 Wyrmworks Publishing by  () is licensed under Creative Commons Attribution 4.0 International. To view a copy of this license, visit https://creativecommons.org/licenses/by/4.0/",
73,,,,,,," © 2025 Wyrmworks Publishing by  () is licensed under Creative Commons Attribution 4.0 International. To view a copy of this license, visit https://creativecommons.org/licenses/by/4.0/",
74,,,,,,," © 2025 Wyrmworks Publishing by  () is licensed under Creative Commons Attribution 4.0 International. To view a copy of this license, visit https://creativecommons.org/licenses/by/4.0/",